{
  "environmentvariablevalues": {
    "environmentvariablevalue": {
      "@environmentvariablevalueid": "5070a90c-79d5-ed11-a7c7-000d3a339520",
      "iscustomizable": "1",
      "value": "[    {         \"SharedMailBoxName\": \"BPAOperations-Test@carefirst.com\",         \"AutoFaxType\": \"AuthNotReqd\",         \"EmailFolder\": \"INBOX/AuthNotRequired\",         \"EmailProcessedFolder\": \"INBOX/AuthNotRequired - Auto Response\",         \"ReturnFax\": \"fax=1XXXXXXXXXX/pn=ProviderFacility@right.fax\",         \"ReturnEmailBody\": \"Email Body Text 1\",         \"Attachments\": \"false\"     }, {         \"SharedMailBoxName\": \"BPAOperations-Test@carefirst.com\",         \"AutoFaxType\": \"NotourMember-BlueCard\",         \"EmailFolder\": \"INBOX/Not our Member-BlueCard\",         \"EmailProcessedFolder\": \"INBOX/Not our Member-BlueCard - Auto Response\",         \"ReturnFax\": \"fax=1XXXXXXXXXX/pn=ProviderFacility@right.fax\",         \"ReturnEmailBody\": \"Email Body Text 2\",         \"Attachments\": \"false\"     } ]"
    }
  }
}