<ImportExportXml version="9.2.23034.228" SolutionPackageVersion="9.2" languagecode="1033" generatedBy="CrmLive" xmlns:xsi="http://www.w3.org/2001/XMLSchema-instance">
  <SolutionManifest>
    <UniqueName>BarrierBoard</UniqueName>
    <LocalizedNames>
      <LocalizedName description="Barrier Board" languagecode="1033" />
    </LocalizedNames>
    <Descriptions />
    <Version>1.0.0.1</Version>
    <Managed>0</Managed>
    <Publisher>
      <UniqueName>TSP</UniqueName>
      <LocalizedNames>
        <LocalizedName description="TSP" languagecode="1033" />
      </LocalizedNames>
      <Descriptions />
      <EMailAddress xsi:nil="true"></EMailAddress>
      <SupportingWebsiteUrl xsi:nil="true"></SupportingWebsiteUrl>
      <CustomizationPrefix>tsp</CustomizationPrefix>
      <CustomizationOptionValuePrefix>93377</CustomizationOptionValuePrefix>
      <Addresses>
        <Address>
          <AddressNumber>1</AddressNumber>
          <AddressTypeCode>1</AddressTypeCode>
          <City xsi:nil="true"></City>
          <County xsi:nil="true"></County>
          <Country xsi:nil="true"></Country>
          <Fax xsi:nil="true"></Fax>
          <FreightTermsCode xsi:nil="true"></FreightTermsCode>
          <ImportSequenceNumber xsi:nil="true"></ImportSequenceNumber>
          <Latitude xsi:nil="true"></Latitude>
          <Line1 xsi:nil="true"></Line1>
          <Line2 xsi:nil="true"></Line2>
          <Line3 xsi:nil="true"></Line3>
          <Longitude xsi:nil="true"></Longitude>
          <Name xsi:nil="true"></Name>
          <PostalCode xsi:nil="true"></PostalCode>
          <PostOfficeBox xsi:nil="true"></PostOfficeBox>
          <PrimaryContactName xsi:nil="true"></PrimaryContactName>
          <ShippingMethodCode>1</ShippingMethodCode>
          <StateOrProvince xsi:nil="true"></StateOrProvince>
          <Telephone1 xsi:nil="true"></Telephone1>
          <Telephone2 xsi:nil="true"></Telephone2>
          <Telephone3 xsi:nil="true"></Telephone3>
          <TimeZoneRuleVersionNumber xsi:nil="true"></TimeZoneRuleVersionNumber>
          <UPSZone xsi:nil="true"></UPSZone>
          <UTCOffset xsi:nil="true"></UTCOffset>
          <UTCConversionTimeZoneCode xsi:nil="true"></UTCConversionTimeZoneCode>
        </Address>
        <Address>
          <AddressNumber>2</AddressNumber>
          <AddressTypeCode>1</AddressTypeCode>
          <City xsi:nil="true"></City>
          <County xsi:nil="true"></County>
          <Country xsi:nil="true"></Country>
          <Fax xsi:nil="true"></Fax>
          <FreightTermsCode xsi:nil="true"></FreightTermsCode>
          <ImportSequenceNumber xsi:nil="true"></ImportSequenceNumber>
          <Latitude xsi:nil="true"></Latitude>
          <Line1 xsi:nil="true"></Line1>
          <Line2 xsi:nil="true"></Line2>
          <Line3 xsi:nil="true"></Line3>
          <Longitude xsi:nil="true"></Longitude>
          <Name xsi:nil="true"></Name>
          <PostalCode xsi:nil="true"></PostalCode>
          <PostOfficeBox xsi:nil="true"></PostOfficeBox>
          <PrimaryContactName xsi:nil="true"></PrimaryContactName>
          <ShippingMethodCode>1</ShippingMethodCode>
          <StateOrProvince xsi:nil="true"></StateOrProvince>
          <Telephone1 xsi:nil="true"></Telephone1>
          <Telephone2 xsi:nil="true"></Telephone2>
          <Telephone3 xsi:nil="true"></Telephone3>
          <TimeZoneRuleVersionNumber xsi:nil="true"></TimeZoneRuleVersionNumber>
          <UPSZone xsi:nil="true"></UPSZone>
          <UTCOffset xsi:nil="true"></UTCOffset>
          <UTCConversionTimeZoneCode xsi:nil="true"></UTCConversionTimeZoneCode>
        </Address>
      </Addresses>
    </Publisher>
    <RootComponents>
      <RootComponent type="1" schemaName="systemuser" behavior="1" />
      <RootComponent type="1" schemaName="task" behavior="2" />
      <RootComponent type="1" schemaName="tsp_tasksubscriber" behavior="0" />
      <RootComponent type="29" id="{a02d7843-b0d4-ed11-a7c7-000d3a339520}" behavior="0" />
      <RootComponent type="29" id="{da6854f4-b9e9-ed11-a7c6-000d3a339520}" behavior="0" />
      <RootComponent type="60" id="{2a0c43a5-29cf-ed11-b597-000d3a339520}" behavior="0" />
      <RootComponent type="60" id="{d21d1604-2dcf-ed11-b597-000d3a339520}" behavior="0" />
      <RootComponent type="62" schemaName="tsp_BarrierBoardManagement" behavior="0" />
      <RootComponent type="62" schemaName="tsp_BarrierBoardOperations" behavior="0" />
      <RootComponent type="80" schemaName="tsp_BarrierBoardManagement" behavior="0" />
    </RootComponents>
    <MissingDependencies>
      <MissingDependency>
        <Required type="1" schemaName="tsp_recordsrequest" displayName="Records Request" solution="Active" />
        <Dependent type="80" schemaName="tsp_BarrierBoardManagement" displayName="Barrier Board Management" />
      </MissingDependency>
      <MissingDependency>
        <Required type="60" displayName="Task quick create form." parentDisplayName="Task" solution="msdynce_Activities (9.0.1.2033)" id="{a1c8a6dc-8804-4019-9c78-7dbe86560ea1}" />
        <Dependent type="60" displayName="Task quick create form." parentDisplayName="Task" id="{a1c8a6dc-8804-4019-9c78-7dbe86560ea1}" />
      </MissingDependency>
      <MissingDependency>
        <Required type="61" schemaName="Activities/SystemLibraries/Task_main_system_library.js" displayName="Activities/SystemLibraries/Task_main_system_library.js" solution="msdynce_Activities (9.0.1.2033)" />
        <Dependent type="60" displayName="Task quick create form." parentDisplayName="Task" id="{a1c8a6dc-8804-4019-9c78-7dbe86560ea1}" />
      </MissingDependency>
      <MissingDependency>
        <Required type="61" schemaName="msdyn_/Images/AppModule_Default_Icon.png" displayName="msdyn_/Images/AppModule_Default_Icon.png" solution="AppModuleWebResources (2.5)" />
        <Dependent type="80" schemaName="tsp_BarrierBoardManagement" displayName="Barrier Board Management" />
      </MissingDependency>
      <MissingDependency>
        <Required type="connectionreference" displayName="tsp_sharedcommondataserviceforapps_c7122" solution="Active" id.connectionreferencelogicalname="tsp_sharedcommondataserviceforapps_c7122" />
        <Dependent type="29" displayName="Send Adaptive Card to Subscribers" id="{a02d7843-b0d4-ed11-a7c7-000d3a339520}" />
      </MissingDependency>
      <MissingDependency>
        <Required type="connectionreference" displayName="tsp_sharedcommondataserviceforapps_c7122" solution="Active" id.connectionreferencelogicalname="tsp_sharedcommondataserviceforapps_c7122" />
        <Dependent type="29" displayName="Respond to User Submission" id="{da6854f4-b9e9-ed11-a7c6-000d3a339520}" />
      </MissingDependency>
      <MissingDependency>
        <Required type="connectionreference" displayName="tsp_sharedoffice365_766c0" solution="Active" id.connectionreferencelogicalname="tsp_sharedoffice365_766c0" />
        <Dependent type="29" displayName="Send Adaptive Card to Subscribers" id="{a02d7843-b0d4-ed11-a7c7-000d3a339520}" />
      </MissingDependency>
    </MissingDependencies>
  </SolutionManifest>
</ImportExportXml>