{
  "properties": {
    "connectionReferences": {
      "shared_commondataserviceforapps": {
        "runtimeSource": "embedded",
        "connection": {
          "connectionReferenceLogicalName": "tsp_sharedcommondataserviceforapps_c7122"
        },
        "api": {
          "name": "shared_commondataserviceforapps"
        }
      }
    },
    "definition": {
      "$schema": "https://schema.management.azure.com/providers/Microsoft.Logic/schemas/2016-06-01/workflowdefinition.json#",
      "contentVersion": "1.0.0.0",
      "parameters": {
        "$connections": {
          "defaultValue": {},
          "type": "Object"
        },
        "$authentication": {
          "defaultValue": {},
          "type": "SecureObject"
        }
      },
      "triggers": {
        "manual": {
          "metadata": {
            "operationMetadataId": "f98b6a39-f594-4fe2-b585-ff90125016b2"
          },
          "type": "Request",
          "kind": "Http",
          "inputs": {
            "schema": {
              "type": "object",
              "properties": {
                "TaskId": {
                  "type": "string"
                },
                "TaskName": {
                  "type": "string"
                },
                "UserId": {
                  "type": "string"
                },
                "Comments": {
                  "type": "string"
                },
                "EstimatedCompletionDate": {
                  "type": "string"
                }
              }
            }
          }
        }
      },
      "actions": {
        "Create_Note": {
          "runAfter": {},
          "metadata": {
            "operationMetadataId": "bc47aac4-6238-49aa-97e7-ed362ea6538f"
          },
          "type": "OpenApiConnection",
          "inputs": {
            "host": {
              "connectionName": "shared_commondataserviceforapps",
              "operationId": "CreateRecord",
              "apiId": "/providers/Microsoft.PowerApps/apis/shared_commondataserviceforapps"
            },
            "parameters": {
              "entityName": "annotations",
              "item/subject": "@triggerBody()?['TaskName']",
              "item/notetext": "@triggerBody()?['Comments']",
              "item/isdocument": false
            },
            "authentication": "@parameters('$authentication')"
          }
        },
        "Relate_rows": {
          "runAfter": {
            "Create_Note": [
              "Succeeded"
            ]
          },
          "metadata": {
            "operationMetadataId": "131f22a2-90fa-4f7d-a029-e4d8db2d05b6"
          },
          "type": "OpenApiConnection",
          "inputs": {
            "host": {
              "connectionName": "shared_commondataserviceforapps",
              "operationId": "AssociateEntities",
              "apiId": "/providers/Microsoft.PowerApps/apis/shared_commondataserviceforapps"
            },
            "parameters": {
              "entityName": "tasks",
              "recordId": "@triggerBody()?['TaskId']",
              "associationEntityRelationship": "Task_Annotation",
              "item/@odata.id": "@outputs('Create_Note')?['body/@odata.id']"
            },
            "authentication": "@parameters('$authentication')"
          }
        },
        "Card_to_Confirm_Feedback": {
          "runAfter": {
            "Relate_rows": [
              "Succeeded"
            ]
          },
          "metadata": {
            "operationMetadataId": "1a84223d-ff8f-4369-8751-76507be7349e"
          },
          "type": "Compose",
          "inputs": {
            "type": "AdaptiveCard",
            "body": [
              {
                "type": "TextBlock",
                "size": "Medium",
                "weight": "Bolder",
                "text": "Thank you for your response"
              },
              {
                "type": "TextBlock",
                "text": "Your response has been recorded to the Barrier Board Task.",
                "wrap": true
              }
            ],
            "$schema": "http://adaptivecards.io/schemas/adaptive-card.json",
            "version": "1.4"
          }
        },
        "Response": {
          "runAfter": {
            "Card_to_Confirm_Feedback": [
              "Succeeded"
            ]
          },
          "metadata": {
            "operationMetadataId": "850fb14b-f225-43a2-9f62-1cc685d0051b"
          },
          "type": "Response",
          "kind": "Http",
          "inputs": {
            "statusCode": 200,
            "body": "@outputs('Card_to_Confirm_Feedback')"
          }
        }
      }
    },
    "templateName": null
  },
  "schemaVersion": "1.0.0.0"
}